{"UOi2Zq7hLehHRorX+7AAgA==":"bblli%20logo%20final-131x128.jpg","hQ2Ar9zM9nq0WxvjJVw2RA==":"dsc-2000x1328.jpg","Ii3fAdNdNENb6j4Ejt/b1w==":"dsc_3634%20copy-2000x1328.jpg","zYXs2e1rOxPLyi2hzz0GKg==":"_dsc0551-2000x1328.jpg","j8Es5PZ/KN8zuqFt9dk2LA==":"k6-2000x1500.jpg","Y99iqbk+BLFqIXxonvwExg==":"dsc_3634%20copy-600x398.jpg","SjGRjfFXiSnBmRUOxWcdsA==":"_dsc0002-600x903.jpg","bIDxtECrcg7EvZYTZ/B4Zg==":"_dsc0001-600x398.jpg","CCfrvekz5A+LHd/IMoinBw==":"dsc-600x398.jpg","mSDaxlC4dZ85ctQw4ggCnw==":"img_20160825-600x600.jpg","tMhkhD7EqMlT87TS4tzzfw==":"_dsc0480-600x398.jpg","du5ZS+6nf+iKauIQKm6Y5Q==":"_dsc0001-2000x1328.jpg","ocMYFn9rTnYhRX/RFTRuAQ==":"_dsc0445-2000x1328.jpg","3IwDT3gpRWxi6RNDYOxnbw==":"_dsc0455-2000x1328.jpg","AiGIrOR7h8RlOW+W+s9vPQ==":"_dsc0508-2000x1328.jpg","y/SPMMwKXqnRio+VVo+vKw==":"_dsc0487-2000x1328.jpg","iNKPHQPZYw6J6tFhEp52lg==":"_dsc0471-2000x1328.jpg","NRky/jUsF1ShAe7eq6EIOQ==":"_dsc0481-2000x1328.jpg","MJzwEcI6ltswE6L0b8EOzQ==":"_dsc0490-2000x1328.jpg","e4k3q7L1TFXW3UlEZ3Za5g==":"_dsc0626-2000x1328.jpg","jtieoHdKbxpEDSkpH6R13A==":"img_20160217-2000x2000.jpg","0UnwCrnVb6HVFSTdkw9uVw==":"osiwa3-2000x1125.jpg","Nkiht2+KwB8ZOM1wrQ7MeQ==":"dsc_3636%20copy-2000x1328.jpg","m9jhMPNnc9HXna3f+QgXjA==":"dsc-1-2000x1328.jpg","+6LhGTCHsnRAY7+bbvdJkw==":"dsc_3643%20copy-2000x1328.jpg","xygUMPOwMrPC4iMyIR0atQ==":"dsc_3650%20copy-2000x1328.jpg","1IA101NNuEsb1thP+MY5FA==":"nottooyoung4-2000x1125.jpg","jIiJoKdJORKW6qsXhhRx8g==":"img_20160217-1-2000x2000.jpg","QK1S2XLWADaq9eLPUBPvgg==":"dsc-2-2000x1328.jpg","Izumbg5kKBJVh2V4Y70shg==":"dsc-3-2000x1328.jpg","t5fzhAs+Mi1PNLaUkOr2LQ==":"_dsc0650-2000x1328.jpg","uSeoZeqjPSoMYdvhc+eDuw==":"_dsc0446-2000x1328.jpg","YjNov7eaPTTKsiuJ3G3bkQ==":"_dsc0506-2000x1328.jpg","FdsRXGQMbndWQgruOKTBYQ==":"_dsc0566-2000x1328.jpg","MKYPs8GPieWz1W53QXk7jA==":"dsc-4-2000x1328.jpg","BLx2fWiK3zPk5iUeuhp3Ow==":"dsc-5-2000x1328.jpg","hD7XqwIrj0co9v02ODs4+Q==":"_dsc0554-2000x1328.jpg","7ZmB7BPbna5MNUpLNy9Bng==":"dsc_3635%20copy-2000x1328.jpg","ULrCuHgGhi3pIosGDQCbBg==":"dsc_3668%20copy-2000x1328.jpg","gD6vCLObznXreSQX4yANMg==":"dsc_3672%20copy-2000x1328.jpg","/2U6BDmVjtmHVzGQ/XghXA==":"dsc_3614%20copy-2000x1328.jpg","q/1SEJaaCMWyA6NehjshsQ==":"osiwa5-2000x1125.jpg","dqWVqFZGfFe0YZlCmFZt4g==":"osiwa4-2000x1125.jpg","i8pomFeKop6XvcEnXDtLAg==":"comrade%20omaga-600x840.jpg","gWJs6iCFs/16+fWtiayuvw==":"ezeani%20chukwunonso-600x450.jpg","goZVfI/bgVTn6Fai8rwUmw==":"_dsc0617-600x398.jpg","mVyycjgI2bbdoXWR49WbEw==":"_dsc0602-600x398.jpg","LB2ehgbVx+3YYjthnZqcbg==":"_dsc0638-600x398.jpg","BM2AWj4Kzx8iSkNkSL+dkQ==":"comrade%20omaga-600x433.jpg","agS0obuaNBoG5oDVIRMrzw==":"amarachi%20ikwuka-600x391.jpg","e8v5h/disXUR2p/sGzgfqg==":"m-600x450.jpg","Ww/QEHwXxRaspFGDLrrwYw==":"okaredje%20atarhe-600x501.jpg","8lNMQtP58ur29rHzEDgu8A==":"img-20170619-wa041-600x429.jpg","Naka4LVtg1TutYF8gvMCuQ==":"onuya%20anthony%20yusuf-600x465.jpg","gUm2glsz1Kj/LpwyLAeXbg==":"onuya%20anthony%20yusuf-600x416.jpg","1ykuIqDsQX903iTvW1eOog==":"img-20170619-wa040-600x450.jpg","e/Bmq5uQA2pwZjHuAfYOrg==":"14063833_10208826189325658_2369986815211269606_n-600x450.jpg","c+JtNZrkHE4WUCeNpDjMHA==":"okaredje%20atarhe-600x428.jpg","1P4SbEIDODDTBQ8si11uUg==":"img-20170619-wa046-600x430.jpg","cGd1GxL6aAA2HXCz1xRBkg==":"akande%20philip-600x406.jpg","38TNztKI5LmBpSdQcWRFPg==":"makinwa%20tokumbo-600x420.jpg","VtWO/bFUNleQ4c6Wjs8XwA==":"img_20140521-600x410.png","xIe95d27nzUnFL5UtuAIRA==":"kadliura%20carolyn-600x578.jpg","LcPIdmjfH8PbalY2gdye6A==":"adewale%20azeez%20ahmed-600x396.jpg","WgZJe3WslC+hI+tEt3XAmA==":"_dsc0576-160x106.jpg","Ofk9USiIfhe827CYxJtlcg==":"dsc_3650%20copy-160x106.jpg","fI/ZQ++b1KTIc+k1OhKiYw==":"dsc-160x106.jpg","K7cPih+7O7pH8YmF3Ds1uA==":"img-20170717-wa0018-600x450.jpg","z7jT2aq1vhwZrwM+pED5Zg==":"img-20170717-wa0015-2000x1500.jpg","ItcnS+EAn+8FO2DiITlwxg==":"img-20170717-wa0019-2000x1500.jpg","nqt62eVXvQ5DKMnh/TeH9A==":"img-20170717-wa0021-2000x1500.jpg","fQn99jnQBNAQdgEzuI6D3w==":"img-20170717-wa0023-2000x1500.jpg","qqB8vb1TyQVmjRnsItszgg==":"comrade%20omaga-600x407.jpg","0bqfF8D2cbR0bP34oO5C3A==":"img-20170717-wa0006-600x402.jpg","rz5/fMwkLAvgNFr6Z7Im5Q==":"okaredje%20atarhe-600x398.jpg","uheg+53WF7a3ASPOBN87ow==":"img-20170717-wa0007-600x409.jpg","arzlgZVv5JmLU8hds8KZTA==":"img-20170619-wa041-600x428.jpg","Pie/X+Ih/+ACaA8vnGo81A==":"14063833_10208826189325658_2369986815211269606_n-600x402.jpg","lRe0tsuLmfD+f7aHVyoyVA==":"img-20170619-wa040-600x422.jpg","PslgI3rjl8SOEULIHijDvA==":"img-20170619-wa046-600x446.jpg","Bz0gfILbDMTiUQStdaq5sw==":"akande%20philip-600x402.jpg","2xrJ3rgam98jsrhvoaflYQ==":"img-20170717-wa0010-600x402.jpg","FsRRUTed59LzxJUr2KKILg==":"akande%20philip-600x426.jpg","aWla8s3AI3gz30b1+EaVAA==":"kadliura%20carolyn-600x398.jpg","N+krHdxaoaeue/zbJpWrqA==":"img-20170717-wa0009-600x402.jpg","2Nznqs7rUfoRtOP33VPgHA==":"img-20170717-wa0008-600x402.jpg","Tb09L6DbggAo8y6ASbF5Gw==":"dsc_3635%20copy-2000x1231.jpg"}